timestamp,name,mousePointsCount,avgSpeed,speedStdDev,accelStdDev,jitterCount,angleStd,diffScore,overshootBeforeClick,hoverTime,hesitation,clickLatency,clickOffset,typingStdDev,interActionGapAvg,pageFocusLost,isChecked
1767356944921,kashish,137,0.4444065551119116,1.0700544158303018,0.4574730715865102,49,0.947593484659096,0.5761673214579986,0,0,87873,0,36.55416621215867,0,0,False,True
1767298419165,BotUser,62,0.1489594450520628,0.1358271566663856,0.0680093150449387,11,1.261911814606176,1.917214591879796,0,1567,19,0,42.70006867878961,0,0,False,True
1767357309447,kashsih,142,0.5867750013515974,1.030385567155846,0.6758208986603063,40,0.5621986352933819,1.001464248024759,0,1121,400,743,42.80493709814194,0,0,False,True
1767361845031,kashish,96,0.3274204761109628,0.4544819774265104,0.3283508550242616,38,0.7737644388653222,2.239260349355804,0,785,233,635,82.518788898289,0,0,False,True
1767338319093,BotUser,60,0.034848481099682,0.0172068102537981,0.0217856889064666,6,0.9290045741595248,2.761724292106901,0,0,15,0,40.750409236795626,0,0,False,False
1767338456513,BotUser,32,0.2353843573255275,0.0671725271654476,0.0773038906296331,1,0.4099379100553653,1.6728956495234646,0,0,16,0,29.98492620568803,0,0,False,False
1767297789143,kashish,126,0.1874916667565415,0.218179146180786,0.1902449297792547,50,0.9026250438746862,0.9360108736352906,0,0,696,0,50.6277666203139,0,0,False,True
1767357284642,kashish,207,0.6038666058641727,1.1107324565460606,0.8558767799479934,60,0.7533366796377071,5.539881283597191,0,0,437,0,41.45930192768408,0,0,False,True
1767357320040,Untitled,152,0.5555583674516347,1.211001363566799,0.5712358461521879,54,0.9017873289672944,0.5187643301817914,0,1017,283,761,47.47439509459252,0,0,False,True
1767338390196,BotUser,60,0.0685552735401932,0.0497279163052429,0.0330548908106877,7,1.1921374374925424,2.551059874739975,0,0,15,0,42.70006867878961,0,0,False,False
1767361756479,BotUser,63,0.110166766638945,0.0681026304716287,0.0450367129249527,2,0.5326625701551739,0.3782994839585167,0,0,1053,0,188.02199833343929,0,0,False,True
1767297068700,BotUser,60,0.1581538747142269,0.1424008373163418,0.0632104769853032,10,1.2220866041007517,1.303251598808026,0,1335,16,0,43.47465782272178,0,0,False,True
1767357393550,ashsihs,338,0.9466863044902672,1.4844592776287775,0.9933302424349904,79,0.657146379879573,1.5168755401474352,0,0,313,0,45.023281580751295,0,0,False,True
1767296551134,Kashish Jaiswal,137,0.2638197231208249,0.2737204870179442,0.1980291803769535,35,1.29529610180246,0.8677711290650356,0,0,659,0,41.75661876839147,0,0,False,True
1767339178448,BotUser,32,0.2614183713094266,0.0856237488094671,0.1121124062662221,1,0.4030280732605599,1.5863881406720557,0,0,11,0,35.80776234018324,0,0,False,False
1767340378205,BotUser,62,0.1521389153837405,0.1412626847742824,0.0858036213514591,10,1.1414538475100349,1.105945373160814,0,0,18,0,45.83279761501853,0,0,False,True
1767298446737,BotUser,59,0.162710224778021,0.1469628614124994,0.0743855611788885,11,0.990966307715238,1.580409090661569,0,1451,23,0,42.70006867878961,0,0,False,True
1767339585097,BotUser,60,0.1521633749689706,0.135211771978038,0.0733378844443099,7,0.9353807528005582,1.7354780556087794,0,0,19,0,43.47465782272178,0,0,False,True
1767338488882,BotUser,58,0.1422880186905641,0.1242664047768733,0.0729985168415575,8,1.2868617534736304,1.0073025554633048,0,849,17,0,40.750409236795626,0,0,False,True
1767296620431,BotUser,62,0.1538667678721325,0.1429815568085966,0.0634929714032124,11,1.1902307699594612,1.5267738744917685,0,1334,14,0,41.72464330668189,0,0,False,True
1767361897914,kashish,143,1.1390766766815277,1.3652134418123585,1.0397853288890178,23,0.6987551020176459,0.8898220510622475,0,0,7,0,144.02691037394845,0,0,False,True
1767335701157,BotUser,62,0.1667374431200568,0.157998014880398,0.0914216829553827,6,1.0842070040609333,1.4298361357033589,0,766,17,0,42.70006867878961,0,0,False,False
1767298644403,kashish,369,0.4405678761925717,0.6867492513143296,0.4783906290312107,89,0.3957295503017373,0.8171276171721175,0,1101,465,0,49.4935881137602,0,0,False,True
1767361732063,BotUser,63,0.080878688250586,0.0374687690221616,0.0335129428062765,3,0.6126471078263019,0.8762329476943426,0,0,25,0,188.43479477451584,0,0,False,True
1767334931181,BotUser,62,0.1703219403785262,0.1582040446005464,0.0879143727952879,8,0.9586940454230436,1.9565042419603085,0,883,21,0,43.90040853740414,0,0,False,False
1767345374441,kashish,171,0.3628106895670376,0.8822177722043799,0.8261845110761374,50,0.7553135843696551,0.665107462215229,0,1766,37125,819,45.60258579174932,0,0,False,True
1767298363319,BotUser,151,0.1775905225825902,0.1767967578268613,0.218901941024623,55,1.3999479241989423,0.5771611394660511,0,61,17,0,44.1457344284259,0,0,False,False
1767334803496,kashish,133,1.1892816932197636,2.4828644713365766,1.48436693563012,34,0.4063848882705,0.6207566714751429,0,0,207,0,51.3798888862644,0,0,False,True
1767291698229,Kashish Jaiswal,84,0.2430799569597177,0.4362537875821886,0.4113889968543756,35,1.6498058464407137,6.507215216323097,0,0,423,0,38.35801653296602,0,0,False,True
1767298473153,BotUser,99,0.3171749309902426,0.3805511814261578,0.3058450055895667,13,0.7308932779395304,3.124854332387402,0,768,43,0,40.750409236795626,0,0,False,False
1767338785900,BotUser,59,0.1702471087626396,0.1604588467177707,0.0949181993649779,8,1.0375972668730282,1.1253834299124987,0,0,15,0,40.99019213714959,0,0,False,False
1767297028952,Kashish Jaiswal,348,0.1990017137740833,0.3062253638293155,0.2047432779236388,166,1.735066742619646,0.7744080518793217,0,2835,350,0,41.51711425242792,0,0,False,True
1767357951927,kashish,136,0.5369604646377185,0.907872354780054,0.6423981563934282,45,0.7299220821733982,0.5966209518757726,0,1109,991,712,140.86323330389064,0,0,False,True
1767296595660,kashish,153,0.5294672139313908,0.976129868153751,0.7032176776675966,29,0.6862875778898959,0.6523295676675899,0,0,565,0,44.62004638294152,0,0,False,True
1767362930634,BotUser,63,0.0795270133477915,0.0451049552254057,0.0354104686347734,2,0.6382808283611499,1.8019958775235412,0,0,20,0,188.98219984247152,0,0,False,True
1767338664000,BotUser,62,0.0703387610938357,0.0580341229524549,0.0385207642723066,16,1.1848638667095954,4.061795590121525,0,0,15,0,42.70006867878961,0,0,False,False
1767362304817,huamn,100,0.6635729118286131,1.5856233787518723,0.7921865947098254,45,0.7136783629836345,0.9604468174581708,0,0,182,0,87.04568121909686,0,0,False,True
1767347135910,Kashish Jaiswal,144,0.8383134651174615,1.669159757596296,1.1550701544631958,54,0.9013865728186988,1.4776944017324165,0,0,53169,0,37.47571649732139,0,0,False,True
1767373985276,kashish,118,1.0521597770927853,1.8788951416208188,1.1961196622020942,28,0.6498871460002388,0.951358739684692,0,0,10355650,0,120.64141397290156,0,0,False,True
1767346449676,BotUser,59,0.1520677103638801,0.1316566759984264,0.0582387000916803,5,1.2264561656800022,1.1283010468512409,0,0,13,0,47.00420544578808,0,0,False,True
1767339198899,BotUser,62,0.1681905887414148,0.173477055602143,0.1935241224680534,9,1.103666295557913,1.898736577803172,0,0,15,0,41.72464330668189,0,0,False,True
1767345223528,BotUser,62,0.1480123462599331,0.1334673824078142,0.0625001867962101,10,1.1980302554148026,2.4922338333324983,0,0,11,0,43.689190321544736,0,0,False,True
1767339687180,Kashish Jaiswal,93,0.2189160830182488,0.2881362669277306,0.1358618878596767,37,0.9564646139332668,5.243966741575568,0,0,320,0,44.59678982757735,0,0,False,True
1767362324021,kashish jaiswal,106,0.8433126693397573,1.8446960069604288,1.2774555491798625,22,0.6837220982369799,0.9593461462105964,0,0,184,0,155.38291618871972,0,0,False,True
1767347191766,Kashish Jaiswal,151,1.0746970421881452,1.979521217113224,1.295009487214332,50,0.8136232074813133,0.7676061393581849,0,900,133,711,45.717566724266966,0,0,False,True
1767363277766,BotUser,61,0.1101473644038587,0.0656714613871719,0.0387349062200636,0,0.5048622937886095,0.2655239466005365,0,0,1066,0,187.4717895623603,0,0,False,True
1767358183251,jaiswal,96,0.4230885839056892,0.5212163913827285,0.409029560294931,23,0.4625386372623115,3.9946422831275776,0,0,36696,0,72.43100878722936,0,0,False,True
1767339148432,BotUser,57,0.1526697661262297,0.135750682394136,0.0722935425681238,7,1.3342657960966775,1.0736431964394844,0,0,15,0,42.70006867878961,0,0,False,False
1767347163163,Kashish Jaiswal1,425,1.1059698892771992,2.0292072329829307,1.3457733932861484,105,0.735287543629571,0.9512162420346252,0,501,2,4567,42.11276336768007,0,0,False,True
1767340430104,kashish,116,0.2606461661776412,0.3517738342004121,0.2295896768710823,53,0.9727164625232856,1.5296873621572644,0,1133,213,0,44.59678982757735,0,0,False,True
1767362134633,human,113,0.8131986623139655,1.9090936243422396,0.907306228598858,43,0.681257673153852,0.6801527415299452,0,784,407,636,129.16288302117582,0,0,False,True
1767347142894,Kashish Jaiswal,132,0.7038383469399683,1.6954835896397626,0.8409466963543417,34,0.6367028813702353,1.192788587563054,0,68,5,3269,54.62077561352776,0,0,False,True
1767338418753,BotUser,62,0.1222815534546111,0.1448340127195589,0.1876876924980682,6,1.1575318301837163,2.574426866940721,0,0,15,0,42.92896299291972,0,0,False,False
1767362569388,kashish,190,0.7858890558920839,2.0032307334801134,1.4965966248481783,48,0.5513236321935626,0.4364985533914171,0,301,308,994,161.72399616717195,0,0,False,True
1767347173276,kashish,130,1.0266100889247036,1.4821310648667527,1.1580099237193833,35,0.8375641428975492,1.3660059584608937,0,816,5,517,50.38558400073892,0,0,False,True
1767356844481,dhanish,171,0.2306361292582447,0.2918819673174933,0.1728632842285195,68,0.8869458652841934,0.712167554433503,0,3217,588,2395,42.5321615035995,0,0,False,True
1767361889867,user,90,0.4062107996175651,0.7806394459252644,0.717581793696543,27,0.611828540154324,0.6053167792412631,0,0,2,0,111.45111269628664,0,0,False,True
1767338721634,BotUser,61,0.0666589522966298,0.0538013285386152,0.0499262280469261,14,1.1740030311402982,2.486163448128344,0,0,16,0,40.750409236795626,0,0,False,False
1767338292664,BotUser,72,0.2140478348687132,0.3405793010449554,0.3270070316095315,12,0.9547317403139436,1.1666787764747075,0,767,11,0,40.99019213714959,0,0,False,False
1767289727084,Kashish Jaiswal,80,0.8350843295282674,2.1355364467261446,1.233340490498369,34,2.4002647546052,0.7508253014155448,0,0,26937,0,43.74171298922207,0,0,False,True
1767345329208,BotUser,61,0.150345928918264,0.1352502023276341,0.0684506124694359,10,1.0886051984762708,2.9274655745677416,0,0,13,0,44.06750898224678,0,0,False,True
1767334709614,BotUser,63,0.1540457390565768,0.1435852452940523,0.0855410111134818,11,0.4949531928646024,2.7801374644538006,0,1418,10,0,43.67660553748271,0,0,False,True
1767291684539,Kashish Jaiswal,85,0.2474323234620695,0.31143313558194,0.2568249926893452,32,1.7223609250695748,1.2943565878028496,0,0,1033,0,41.8795056945956,0,0,False,True
1767334780080,BotUser,61,0.1588210357057322,0.1447808849179108,0.0750694768046278,11,0.4977513774568434,2.166861092148448,0,900,19,0,41.95885910679597,0,0,False,False
1767362529688,kashish,114,0.4761943466578472,0.757843456438922,0.4008295551002676,34,0.6175438469681727,1.317086813043148,0,1134,214,696,133.3763501892111,0,0,False,True
1767361656761,BotUser,71,0.0711551434827983,0.0462224377244892,0.0295273199601214,3,0.6715993639673332,1.3323716058700286,0,0,17,0,188.62017910913752,0,0,False,True
1767362313691,kashish,112,0.423904460912394,0.8465741378369572,0.6836764133552414,50,0.7022356945561062,0.6242524624990152,0,867,4,481,100.30429256606062,0,0,False,True
1767334684897,BotUser,78,1.0111173057616585,3.6667332268190176,4.482012647337164,14,0.3766922545051385,2.797766555058782,0,1434,19,0,41.72464330668189,0,0,False,True
1767347181255,Kashish Jaiswal,131,1.2198909811093237,2.47229849465433,1.662335750020034,32,0.6992080789971503,0.9524757210283143,0,40,5,0,57.1978649479149,0,0,False,True
1767357517095,jaiswal,109,0.7431376372616593,1.6832031860332697,0.8942254959914041,38,0.689700311669807,0.972748345270084,0,0,2700,0,43.0811417841619,0,0,False,True
1767298390806,kashish,232,0.6170417187600289,1.217573830538157,0.8314853921810033,77,0.8701347899880452,2.6182700337911267,0,0,337,0,35.19791128855081,0,0,False,True
1767345249004,kashish,194,0.6547553327972079,1.5480684268737392,0.8421355435411517,66,0.7660521694764011,1.498314712074024,0,1972,248,0,46.82456993862117,0,0,False,True
